tipNames,wc2.0_bio_5m_01,wc2.0_bio_5m_02,wc2.0_bio_5m_03,wc2.0_bio_5m_04,wc2.0_bio_5m_05,wc2.0_bio_5m_06,wc2.0_bio_5m_07,wc2.0_bio_5m_08,wc2.0_bio_5m_09,wc2.0_bio_5m_10,wc2.0_bio_5m_11,wc2.0_bio_5m_12,wc2.0_bio_5m_13,wc2.0_bio_5m_14,wc2.0_bio_5m_15,wc2.0_bio_5m_16,wc2.0_bio_5m_17,wc2.0_bio_5m_18,wc2.0_bio_5m_19
Chalcopsitta_atra_22684488,25.58733661,7.683128459,80.08141318,52.66987009,30.16488229,20.57241036,9.592471933,25.73222252,25.39126045,26.0590162,24.84865086,3053.72599,338.1546375,178.9690615,21.80651894,965.0781576,575.3382267,790.4438791,710.0730472
Chalcopsitta_cardinalis_DOT6623,26.04744506,7.125992552,83.82098919,34.32973034,30.23677496,21.7388299,8.497945058,26.13760013,26.04792694,26.38502417,25.58804725,3242.952825,368.0743688,209.4073816,19.34610021,1027.256215,682.2607838,874.7767492,793.0236836
Chalcopsitta_duivenbodei_22684491,26.49618646,9.36913565,87.84571751,32.05754688,31.7096433,21.03642438,10.67321892,26.67738623,26.14091445,26.79953887,26.05946104,2736.811791,322.5296459,143.7926529,27.28541959,894.1281127,463.0824778,789.9451845,470.6296808
Chalcopsitta_scintillata_22684494,26.00217834,8.966854546,71.41432943,86.0609309,31.98979332,19.45934575,12.53044757,26.35434748,25.40581364,26.86746958,24.80640634,3183.986824,372.4573794,170.4289602,30.25452138,1042.542043,569.5271757,845.9584131,654.2762026
Charmosyna_amabilis_AMNH249471,24.88223737,6.7509632,65.17873133,133.8879953,29.90018055,19.57534191,10.32483864,26.36584374,23.27909756,26.44264389,23.24456309,2651.020189,363.6430533,110.9571298,39.37189155,980.1358828,373.3290277,973.1233218,381.9474166
Charmosyna_josefinae_22684704,21.42348486,9.855357414,83.78639562,52.35551753,27.0924367,15.36011478,11.73232192,21.57921044,21.20223131,21.93875539,20.72256148,3308.346076,345.875893,211.3315424,16.48275947,977.8568723,673.6824417,882.8078665,757.0798124
Charmosyna_margarethae_AMNH228721,25.77426297,7.319212707,84.48655085,33.86110926,30.03030432,21.3686975,8.661606823,25.83969146,25.76292651,26.10767033,25.32654481,3205.502756,363.5054174,207.5967621,19.38400353,1012.648149,672.1919584,881.3888019,782.442663
Charmosyna_meeki_AMNH219091,24.18857026,7.609366312,85.75438429,32.79504932,28.5410156,19.67199608,8.869019522,24.16775673,24.21859087,24.53063668,23.7830016,3324.297487,361.8992319,226.8662935,16.08655121,1006.059628,720.0913943,873.8836089,828.4397865
Charmosyna_multistriata_LSUMZB19411,24.64987345,10.12007673,77.32893319,74.48215083,30.88287234,17.79731197,13.08556037,24.77663987,24.3720087,25.39623116,23.62192752,3962.119756,431.2264449,249.3067736,17.23095693,1196.182686,813.9117611,994.7992348,950.6422693
Charmosyna_palmarum_DOT21611,24.95386064,7.03878863,71.94343032,95.34754569,29.67289666,19.82745338,9.845443287,26.02890917,23.91360466,26.05380513,23.79043612,3009.601789,367.8203449,156.8529564,29.76016581,1048.69541,525.5077152,1016.209673,544.9171421
Charmosyna_papou_22725340,20.50362289,8.63231803,83.60458042,53.07269545,25.51509972,15.19190196,10.32319776,20.92995611,20.45868463,21.13517394,19.86335327,3105.571556,318.6792267,199.4125123,16.17563322,926.8306632,615.5360243,911.2585698,726.5215251
Charmosyna_placentis_22684686,25.04673584,8.957573783,78.65533491,62.83637071,30.54107684,19.11027181,11.43080503,25.28883111,24.64117219,25.66509085,24.17873208,3002.121193,347.863215,165.3107128,26.5300237,972.4570616,543.1636883,805.7242588,636.7271284
Charmosyna_pulchella_22684701,22.49163533,10.09382713,83.40694673,53.88772775,28.33486362,16.24999091,12.08487271,22.74555114,22.13558584,23.03719329,21.760585,3088.89544,337.8881487,184.7488076,20.94046982,949.9643284,595.3941557,844.104176,657.7250764
Charmosyna_rubrigularis_AMNH777811,24.83248525,7.982791604,82.53198527,45.30941099,29.44597607,19.76443838,9.681537692,24.63115142,24.91092038,25.23639091,24.22635222,3333.2208,427.6853813,179.2982208,29.17692548,1166.365168,593.1351519,831.8425067,900.0447602
Charmosyna_rubronotata_22684683,25.82399418,8.797638126,84.55624903,41.52951955,30.87033573,20.4670875,10.40324823,26.01761933,25.55251472,26.20738953,25.2435657,2902.554931,325.6227195,171.308018,21.83974249,907.8049255,548.8924959,778.5363472,603.8792633
Charmosyna_toxopei_AMNH618270,24.41474527,7.783129297,73.72189749,75.03577813,29.42880921,18.86623054,10.56257867,23.92565503,24.50774434,25.06257994,23.34755702,1991.971252,303.5434218,70.87702136,43.35274627,792.6328609,264.4606708,429.8686365,615.0837493
Charmosyna_wilhelminae_AMNH816446,21.63537875,10.25025828,82.58998903,58.1012496,27.59439244,15.22811273,12.36627971,21.95167037,21.17153389,22.2372128,20.85283029,2987.034027,327.9182086,172.1326592,22.44827631,927.0047343,558.7058252,845.1387812,612.6101091
Cyclopsitta_diophthalma_22727581,25.11793831,9.010809482,78.98209194,75.48209486,30.71108512,19.06093595,11.65014917,25.59653159,24.504461,25.87548805,24.07157499,2889.559532,342.1954844,159.1710082,31.00398987,955.4587574,516.1795026,814.1378786,572.5010268
Eos_bornea_22684509,25.29338226,7.606575735,74.32443514,71.12350053,30.12938141,19.8962028,10.23317861,24.8237534,25.53648198,25.91632756,24.27853222,2624.845973,401.9630158,99.74951727,43.71159263,1066.380358,359.3325313,482.9479547,875.374625
Eos_cyanogenia_AMNH301248,26.71067653,7.720536217,90.19749045,24.99103778,30.91865861,22.36151286,8.557145744,26.75066846,26.83735026,26.93550348,26.34649759,2823.836184,282.0579878,188.8414033,12.90657808,800.3835894,588.9434619,681.7306466,693.3766309
Eos_histrio_22684502,26.19922733,8.761771614,83.52435484,40.92496775,31.46628359,20.9723969,10.4938867,26.26816686,26.33171599,26.6487882,25.6591195,2858.010165,298.0600194,176.875605,16.62604904,832.3489835,575.0643756,762.5121007,765.9380445
Eos_reticulata_DOT7852,26.78641198,6.809584658,65.24413686,82.38148072,31.82924559,21.3832616,10.44598399,27.30220076,26.26846489,27.5434116,25.62023826,2071.200034,315.0895701,24.77821545,63.54521891,857.3757493,103.5983901,577.0733002,272.8583662
Eos_semilarvata_AMNH617003,21.78229516,7.698954348,77.78229804,68.45554454,26.41622669,16.51539788,9.900828808,21.31811183,22.1163738,22.36886855,20.8011641,3071.690611,449.31569,131.3805923,39.80722762,1209.863264,455.4291115,697.4536862,1140.954001
Eos_squamata_22684506,25.98006996,7.705329122,86.80330791,33.44673266,30.35265893,21.47487183,8.877787104,25.98895855,26.05602578,26.29780799,25.5615818,2256.429109,270.642529,119.3656445,25.72117654,756.7569849,402.5194188,608.7409584,609.6663016
Glossopsitta_concinna_KU10699,14.78597212,11.02196056,47.08701151,445.2898886,25.81279383,2.372529661,23.44026417,14.43402877,15.82884987,20.23174066,9.252976514,784.0008089,98.20853768,36.06302068,29.93439703,270.1277355,127.0815634,197.3874728,196.0060918
Parvipsitta_porphyrocephala_DOT17712,16.66679661,12.33744191,48.26716019,479.0823456,28.7464861,3.103873952,25.64261215,13.08860824,20.44708053,22.5725174,10.82127748,417.9809677,56.40991008,16.92213467,35.06481694,156.7651235,60.04052475,68.65429815,148.4404706
Parvipsitta_pusilla_AMNH618218,16.60055987,11.525588,47.87447816,455.4209635,27.9546309,3.837466173,24.11716473,18.33947426,14.98423363,22.01758147,10.78884806,857.3410319,121.5596452,35.07233299,37.35583937,329.9121868,123.2710004,281.0510212,164.6013934
Lorius_albidinucha_AMNH617985,22.86899942,8.054064994,84.60924757,44.91629342,27.50779543,17.99146966,9.516325766,22.56266123,22.90405392,23.38712779,22.38910122,2615.942577,281.5425009,173.7604836,16.44907691,755.0147337,560.3626747,663.1326029,685.6675482
Lorius_chlorocercus_UWBM60257,25.65458253,7.505347792,84.48463111,32.82965641,30.03565607,21.15213441,8.883521664,25.88167987,25.51967493,25.97693108,25.23327414,3121.453002,354.8391434,197.535925,20.89628302,1013.664598,638.8006936,915.6426964,718.5618422
Lorius_domicella_DOT7695,23.98760214,7.674212291,75.94302251,70.94843589,28.74534755,18.63820653,10.10714102,23.45115743,24.38726374,24.59049796,22.97542899,2965.297378,445.3409863,120.8939003,42.00304447,1195.822578,427.1529683,534.2897704,1102.435267
Lorius_garrulus_22684581,25.78686488,7.914750904,87.95388198,31.33546421,30.25260919,21.24747802,9.005131164,25.8489614,25.8178668,26.09486884,25.41245777,2116.629347,246.9188935,110.1902444,24.40420348,690.2892776,376.5395126,603.0615348,543.5840271
Lorius_hypoinochrous_22684597,25.10177926,7.730344893,79.43247061,55.37709262,29.74303827,19.98935652,9.753681742,25.03269153,25.13175694,25.64308879,24.36680092,3177.805776,395.3385651,168.6729768,27.78926305,1085.115884,567.494188,813.7507813,820.6744435
Lorius_lory_22684594,25.34638133,9.036075341,78.11714478,65.04145251,30.92746834,19.31059572,11.61687261,25.63586067,24.88596982,25.98847208,24.44443161,3035.014552,346.5895026,169.3073034,25.76567968,970.8000023,555.4083673,819.6214062,623.6789189
Melopsittacus_undulatus_DOT9145,22.18044396,14.26180452,48.35378471,561.6558758,36.04025091,6.393236734,29.64701417,25.87249789,18.84200668,28.63331572,14.88449999,362.2325785,71.06186412,8.998110532,60.5895589,178.5190785,33.8864783,141.2370698,54.40362626
Neopsittacus_musschenbroekii_musschenbroekii_AMNH792918,18.97854822,10.9456834,85.83334827,51.79261557,25.16877938,12.43232774,12.73645164,19.20729536,18.62713555,19.52140104,18.30355766,3079.954167,332.0340765,184.844924,20.60549854,938.8736746,589.5954256,857.658898,664.7729176
Neopsittacus_pullicauda_22684720,16.45017604,11.08923331,87.27746664,47.62099412,22.68212192,9.988976734,12.69314518,16.48775695,16.27383113,16.96130329,15.86484986,3148.167172,333.1775301,199.0632988,18.318031,940.3000526,628.8111408,832.4042367,733.2875529
Oreopsittacus_arfaki_22684714,15.67232362,11.15224562,87.90303071,46.0190028,21.91568814,9.239261317,12.67642682,15.71702227,15.49191744,16.18218251,15.12266601,3133.643225,332.7392048,196.9107215,18.8945641,942.0958696,618.6412618,841.9909728,723.2475264
Phigys_solitarius_KU22543,24.89267013,6.541323046,64.32089707,134.0179274,29.79740214,19.67793937,10.11946277,26.37949743,23.2938119,26.45868164,23.25069838,2634.068577,359.8919978,111.7251509,39.0152223,971.2035685,373.8960079,963.894521,382.552762
Pseudeos_fuscata_KU16139,24.4227131,9.280959148,79.03154809,63.49635368,30.08989941,18.31890487,11.77099455,24.70547617,23.963021,25.0557347,23.54926931,3022.531946,343.2106943,169.490212,25.53814609,963.2051757,553.6982476,822.3650616,619.9933007
Psittaculirostris_edwardsii_DOT7827,25.58791468,9.48987838,86.3661584,34.57303158,30.92353033,19.93814827,10.98538206,25.76636488,25.16176475,25.91282585,25.11156786,2698.39984,317.921951,128.5494185,29.62868549,892.650798,424.3501555,807.3148075,437.7272493
Psitteuteles_goldiei_KU4744,21.40550632,10.56876289,82.92041068,57.9310689,27.55591105,14.83596811,12.71994295,21.66094571,21.05056659,22.00782465,20.62882755,3191.78025,347.4780131,188.4636444,21.19830309,979.4319969,612.5162135,870.3052713,687.7672188
Psitteuteles_iris_22684573,24.519621,9.004398888,74.26712095,100.1853406,30.52381453,18.37286247,12.15095207,25.13260398,23.72428612,25.63182859,23.17075414,1490.271627,270.4660567,8.126705284,79.08743747,747.6275985,47.39446189,530.2434225,129.5268244
Psitteuteles_versicolor_DOT19663,26.41128319,14.14377636,59.8143649,356.5489582,37.42164368,13.53513026,23.88651342,29.22583602,22.09902802,30.08593297,21.40173878,824.795308,212.1193472,1.658732682,112.7923103,553.9039308,10.03414586,332.6436071,11.65189287
Trichoglossus_capistratus_22725321,24.87681225,9.014315294,75.00960456,96.09436751,30.8308593,18.79221287,12.03864643,25.35344333,24.04953551,25.97275857,23.58469318,1506.089495,275.6340474,9.354607302,80.28660018,764.3640617,50.36909102,502.3725609,112.4904774
Trichoglossus_chlorolepidotus_DOT2422,20.55127005,12.62022268,51.90277314,432.5956566,32.13324526,7.593529444,24.53971581,24.83063739,16.1251155,25.44424169,14.80610474,850.3903112,154.6157095,23.16191266,60.66420145,412.9396422,82.65830908,353.6326675,94.52066265
Trichoglossus_euteles_DOT7931,24.73876733,8.81604359,74.73445809,95.92693563,30.59415299,18.75651899,11.837634,25.28302642,23.95865865,25.80276478,23.45172803,1472.652294,269.2406625,8.175216254,79.59582405,742.9637676,46.78651736,513.709247,124.271374
Trichoglossus_flavoviridis_22727565,26.00315422,7.628062222,79.44642535,50.34866771,30.63371301,21.02836281,9.6053502,26.25845117,25.60335997,26.41908448,25.26677608,2267.073943,291.9143928,90.507186,33.72929719,779.8069152,310.5446782,592.7150594,382.5288482
Trichoglossus_forsteni_22726303,24.73553864,8.03551252,81.13997521,65.02908551,29.61888525,19.71218512,9.906700133,24.81169227,24.07854461,25.4393789,23.87157014,1679.012514,313.0862899,22.68361524,76.91797301,848.1558375,96.46857811,437.7280666,111.3269046
Trichoglossus_haematodus_22725310,24.91902398,8.866700855,78.18285814,65.93263841,30.39173981,18.99977118,11.39196863,25.20668588,24.48750383,25.57852545,24.01785734,2999.26914,349.8041965,165.2956989,26.88675124,976.727962,543.3284123,811.4037678,639.2720014
Trichoglossus_johnstoniae_22684559,23.38961736,9.54796284,71.21724291,113.0227288,29.97146333,16.52427686,13.44718647,24.48482196,22.43667492,24.62510313,21.82473761,2502.53161,301.1237073,119.293561,29.5780478,842.4572683,393.1566829,788.9622439,450.4253659
Trichoglossus_ornatus_22684531,24.63676595,8.341421303,82.73485056,44.77623879,29.62367974,19.51525529,10.10842445,24.65637123,24.6408204,25.09769971,24.06352676,2154.465734,274.7358638,94.38039726,32.57139114,745.0393907,322.9384761,454.8004167,523.0356722
Trichoglossus_rubiginosus_22684564,26.75024242,7.692946172,92.95086459,14.8051688,30.80360971,22.52707688,8.276532828,26.79531769,26.79134596,26.95421552,26.6009156,4573.921615,471.2517815,250.5463183,15.37555331,1324.28266,902.760095,1208.130641,1163.691211
Trichoglossus_rubritorquis_KU22839,26.93537159,14.16077573,60.83596682,337.9030757,37.66942302,14.23192893,23.43749409,29.26222239,22.63999852,30.38252358,22.14958185,871.2798267,224.2183953,0.8975142303,115.4398601,585.5129901,7.744128365,317.2611258,9.107929277
Trichoglossus_weberi_AMNH617093,24.95745648,8.557808855,81.20767649,70.45179267,30.15684424,19.61486671,10.54197753,24.95203435,24.32059051,25.78234418,24.0540963,1692.465849,322.2186874,24.6633477,75.81778437,855.4022221,97.11347216,394.0829944,125.9933216
Vini_australis_KU26380,24.70715453,6.066842382,75.44531869,75.29859535,28.65804332,20.47366515,8.184378162,25.52166917,23.84610611,25.59403071,23.74103566,3109.783096,436.5362525,137.1857434,37.16372384,1148.694501,444.5887984,1004.446436,468.2476578
Vini_kuhlii_AMNH190109,26.66937556,6.852299552,83.14438218,58.09063086,30.84337048,22.4190411,8.42432938,27.06483272,26.31469145,27.31700479,25.93189186,2139.395939,263.1281726,118.463198,29.34924173,711.0380711,391.1015228,590.2474619,527.8489848
Vini_peruviana_DOT13079,24.00348244,6.805642143,69.13729086,113.8613292,29.01984216,19.17145535,9.848386812,24.82129343,22.65026293,25.34667779,22.58336431,1911.279103,249.9026718,94.79150763,32.957136,691.5381679,314.7032443,587.7748092,315.7958015
Vini_stepheni_AMNH192978,22.93960786,4.67834889,48.14759857,192.2921462,27.76453891,18.04799064,9.71654827,20.88786413,25.36453918,25.36453918,20.6227737,1401.93617,147.6808511,75.0212766,18.91119197,405.8297872,281.0851064,281.0851064,378.6595745
Vini_ultramarina_AMNH195184,25.25275789,6.428813812,78.1545921,55.18782618,29.05005774,20.8257582,8.22429954,24.87842339,25.48605565,25.90114444,24.51404115,1715.627517,182.4060403,107.9597315,17.95811391,498.7248322,352.2986577,376.9328859,436.9060403
Chalcopsitta_atra_atra_AMNH233675,25.02065842,7.90210957,82.78383715,49.29266948,29.57086224,20.02430729,9.546554951,25.04135463,25.17682567,25.46963518,24.33783234,3189.827837,353.0519484,194.6480002,20.38010367,1010.271552,619.480801,818.1752154,856.7178068
Chalcopsitta_atra_bernsteini_AMNH616721,26.95587015,7.06461619,78.72464453,50.3726984,31.20294254,22.22991341,8.973029134,26.64451658,27.28155339,27.37259579,26.23144823,3030.530207,440.6227292,143.0076046,40.61620556,1198.21673,480.3882552,499.9628221,1022.583016
Chalcopsitta_atra_insignis_AMNH616737,26.04959925,7.452507887,77.96784395,54.84009677,30.61329251,21.05610368,9.557188827,26.30867773,25.52181426,26.53563754,25.2736837,2928.637386,321.3794876,165.8658461,22.60137183,918.1206297,537.74976,784.5386634,574.4388106
Chalcopsitta_duivenbodei_duivenbodei_DOT13128,26.37889011,9.546274805,88.03492995,30.26616064,31.66179796,20.82119466,10.8406033,26.54031982,25.98038758,26.65347786,25.97280656,2736.037742,327.797208,124.744421,31.56112959,916.8444511,410.8740585,833.981621,412.6121723
Chalcopsitta_duivenbodei_syringanuchalis_AMNH828937,26.37889011,9.546274805,88.03492995,30.26616064,31.66179796,20.82119466,10.8406033,26.54031982,25.98038758,26.65347786,25.97280656,2736.037742,327.797208,124.744421,31.56112959,916.8444511,410.8740585,833.981621,412.6121723
Chalcopsitta_scintillata_chloroptera_ANWCB56014,25.36385628,9.785707035,71.60653429,90.65987266,31.87725583,18.25823891,13.61901692,25.81870749,24.66657204,26.31193159,24.13108995,3052.680982,374.1674771,153.8947199,32.37732848,1033.556883,527.4939186,828.8535954,589.7553143
Chalcopsitta_scintillata_rubrifrons_AMNH616765,27.03564421,6.117466063,64.79568248,72.62010066,31.55034523,22.11106501,9.439280221,27.45329335,26.59295351,27.68315828,25.99623931,2496.220346,315.1906926,92.62175325,37.29682214,867.8420996,325.7497835,715.5099567,408.762987
Chalcopsitta_scintillata_scintillata_AMNH789792,26.39417425,8.502334936,71.61162067,83.08250232,32.06306992,20.19011927,11.87295065,26.6607672,25.88134222,27.20651553,25.22261598,3315.085566,373.2505606,186.7141197,28.0793888,1055.7374,613.8066397,862.7452212,716.5833741
Charmosyna_josefinae_cyclopum_AMNH829013,25.37381221,7.268608116,86.50283147,34.14727559,29.38458931,20.98418157,8.400407742,25.51744576,24.92723422,25.68480965,24.88686481,2374.598501,296.5203426,135.872591,29.12133927,819.0406852,419.0203426,688.7826552,423.754818
Charmosyna_josefinae_josefinae_AMNH339244,21.92851747,9.230658344,81.95095545,59.41087012,27.32296731,16.06424883,11.25871848,22.06485829,21.81489448,22.50217745,21.13294351,3146.98708,326.5998465,204.0875694,15.70444208,930.0540231,640.9832617,838.8787048,758.5734181
Charmosyna_josefinae_sepikiana_DOT22213,20.90612449,10.61800426,85.88347755,44.2294798,26.91584393,14.58672921,12.32911472,21.0867493,20.56185157,21.35310737,20.31230006,3530.020652,370.9713711,221.739954,17.24823412,1040.851457,718.8456255,943.3712482,762.961069
Charmosyna_papou_goliathina_KU18337,21.37421241,10.73072263,83.96953929,54.04302341,27.53942106,14.7806196,12.75880146,21.56577216,21.07071019,21.92363577,20.64628001,3293.284106,350.2314456,202.143733,18.65834873,984.5360958,653.9612997,881.6800783,728.4456125
Charmosyna_papou_stellae_KU16129,22.1438932,9.803789238,78.51758397,75.15845551,28.09934439,15.67427694,12.42506745,22.75736345,21.36062942,22.9533236,21.11758608,2593.350091,308.8839378,120.5432825,29.64864953,881.1197195,405.3372793,836.0824533,431.5704207
Charmosyna_papou_wahnesi_AMNH266859,21.22499125,9.568750809,83.46359232,50.44602166,26.78035777,15.36167612,11.41868165,21.20540067,20.96403262,21.77780605,20.58020201,2763.132487,326.4296932,140.6458181,30.66554525,952.7228817,451.5327794,764.5275749,615.9756209
Charmosyna_placentis_intensior_AMNH467564,25.79581596,7.913783623,87.91458828,31.46096678,30.26128957,21.2531115,9.008178069,25.86182541,25.82464688,26.10432865,25.41846609,2112.266403,246.0970038,109.8607961,24.35778817,688.1731569,375.7669848,601.493931,541.3161518
Charmosyna_placentis_ornata_AMNH618305,25.58396214,8.363261768,82.25597069,50.60722657,30.47796506,20.31110756,10.1668575,25.77739063,25.41119188,26.03947676,24.87444097,3068.993214,333.7920917,194.2042025,18.17573011,934.8238471,615.1592797,787.3140997,714.9040192
Charmosyna_placentis_pallidior_DOT20055,25.78367432,7.512337247,81.86539859,43.56056352,30.17959944,20.98131184,9.198287603,25.60127746,25.88630699,26.17253487,25.19287851,3387.158019,434.2933897,184.1627655,29.00462529,1182.943758,608.9803858,836.8185306,899.6725834
Charmosyna_placentis_placentis_AMNH802091,25.62728517,9.020918137,72.14384503,83.68886431,31.58604181,19.11353311,12.4725087,25.90159874,25.11105279,26.46393618,24.46481174,3226.820192,380.9232368,173.1244999,30.14370342,1061.784263,578.1956936,835.4130731,695.2459395
Charmosyna_placentis_subplacens_AMNH791056,23.90720476,9.801082588,82.73888113,52.84745217,29.6182245,17.77897506,11.83924944,24.21179929,23.40149295,24.44973867,23.1868527,2755.538448,316.3521145,141.6492373,26.8338715,891.150102,470.807174,807.9298722,498.6135991
Charmosyna_pulchella_pulchella_KU18364,22.05553349,10.23360442,82.97010348,55.96174096,27.99720207,15.69330212,12.30389995,22.31265567,21.68735391,22.62618521,21.29887806,3126.650782,340.3450512,184.8406232,21.13122393,960.5273519,598.0772743,858.3682327,665.2743677
Charmosyna_pulchella_rothschildi_AMNH828981,25.95822101,8.766376734,87.10880211,34.48787764,30.88839689,20.81823961,10.07015727,26.14749968,25.67541444,26.28248409,25.47054862,2671.504716,302.5455177,172.4506682,19.67895864,827.194681,538.5206818,704.2912453,559.7425492
Eos_bornea_bornea_AMNH616955,25.6656464,7.531772876,74.57972049,69.46593246,30.4262024,20.33258521,10.09361719,25.20426301,25.9723413,26.27804647,24.67297119,2892.984648,443.661789,111.9823218,43.86362997,1182.362698,399.5281878,505.4367942,985.6556143
Eos_bornea_cyanonotha_AMNH616947,24.41474527,7.783129297,73.72189749,75.03577813,29.42880921,18.86623054,10.56257867,23.92565503,24.50774434,25.06257994,23.34755702,1991.971252,303.5434218,70.87702136,43.35274627,792.6328609,264.4606708,429.8686365,615.0837493
Eos_histrio_histrio_AMNH616920,25.62107503,8.586189083,84.09251446,40.79596306,30.71873647,20.50412413,10.21461234,25.31374555,25.75869945,26.03521697,25.06087755,2663.019699,281.0706837,149.1726535,17.29971608,793.363847,509.4982619,687.7717265,759.2780997
Eos_histrio_talautensis_AMNH616934,25.62107503,8.586189083,84.09251446,40.79596306,30.71873647,20.50412413,10.21461234,25.31374555,25.75869945,26.03521697,25.06087755,2663.019699,281.0706837,149.1726535,17.29971608,793.363847,509.4982619,687.7717265,759.2780997
Eos_squamata_obiensis_AMNH616911,25.64970243,7.665754025,80.62277219,52.27814521,30.19329567,20.68382965,9.509466016,25.43728698,25.65804154,26.10074825,24.88379788,1833.128351,201.4333018,70.58971933,26.95363197,581.9041312,285.1851151,461.9309366,456.072217
Eos_squamata_squamata_AMNH467336,26.6779082,6.762583553,83.7800675,37.9425441,30.55706061,22.4851683,8.071892318,26.49930354,26.91244695,27.00580675,26.13993569,2745.465615,335.4906414,165.1859096,26.78649277,955.6586751,526.1270242,706.4647739,819.1284963
Lorius_garrulus_flavopalliatus_DOT7894,25.69547716,7.696049372,83.02378174,45.53620743,30.16421909,20.8857036,9.278515488,25.65625153,25.693472,26.09116238,25.03191973,1827.624225,194.1386975,80.34303928,23.9758221,560.3916265,301.2288077,486.2837698,436.3826671
Lorius_garrulus_garrulus_AMNH467552,25.8127515,7.924964065,89.27767994,27.56872509,30.23213708,21.35492872,8.877208364,25.91622655,25.85415335,26.0917203,25.51065495,2189.190151,263.4145756,117.6269479,24.61969083,730.4932442,399.3805847,630.4957865,560.032249
Lorius_garrulus_morotaianus_AMNH617995,25.77977657,8.298420581,88.13452704,30.45620501,30.59816668,21.18090078,9.417265898,25.73584038,25.80008504,26.12709288,25.45723961,2166.254466,230.8603719,115.7572001,23.64195733,653.815895,359.0171345,637.7123587,643.0444769
Lorius_hypoinochrous_devittatus_AMNH838415,25.07834111,7.775627077,79.70460744,54.97610078,29.72810857,19.94598956,9.782119016,25.00172014,25.10970795,25.61488452,24.34804297,3183.33522,396.9187557,168.7916065,27.96777971,1089.461823,566.9757164,814.6390948,824.620234
Lorius_hypoinochrous_hypoinochrous_AMNH329126,26.15575768,5.694073282,67.19488727,73.40909185,30.414404,21.93950363,8.47490037,26.4254284,26.12326686,26.91139242,25.2103174,2929.155009,324.2797732,163.3383743,19.76163793,889.6855703,590.8090737,773.8046629,643.2381853
Lorius_hypoinochrous_rosselianus_AMNH617838,26.08878222,5.762851,68.14782573,69.92772526,30.34119755,21.88479271,8.45640484,26.20927047,26.30512385,26.79897639,25.17814287,3295.418994,339.7206704,188.7374302,15.87534815,955.5083799,673.7290503,853,788.4078212
Lorius_lory_erythrothorax_KU7396,25.43153992,8.986973786,73.60248529,80.31421896,31.25456592,19.04976406,12.20480186,25.80148899,24.85116806,26.23219107,24.31863484,2965.185824,342.4772197,158.2278243,28.50505267,963.6546325,527.6393784,807.0535943,599.1493208
Lorius_lory_jobiensis_AMNH301498,25.83726732,7.477029651,86.86727049,32.40512244,30.01003774,21.40044177,8.609595969,25.95456248,25.89727385,26.13995806,25.372705,3149.640301,314.652354,226.6647834,9.567547798,882.7725047,704.7284369,809.8900188,767.1596987
Lorius_lory_lory_AMNH617870,26.06621426,7.681197315,81.72731935,48.56638887,30.55301465,21.15092643,9.402088224,26.09914583,26.09555528,26.48875481,25.37925692,3104.68154,350.2199001,185.0170077,22.42947562,999.0436136,592.2442038,773.5456889,789.1202536
Lorius_lory_salvadorii_KU16173,25.32414386,9.717196606,86.67634716,33.97847104,30.77651655,19.57725943,11.19925712,25.51759682,24.89549675,25.64661341,24.86043693,2843.821912,332.7455865,136.3342167,29.28868755,936.1790822,452.0737334,842.9791504,457.4467264
Lorius_lory_somu_AMNH802076,25.8983593,9.571295992,73.30344766,87.20780179,32.15214109,19.07835613,13.07378496,26.36285463,25.07244096,26.78948943,24.67838094,3892.658635,452.66986,220.4257194,25.68660011,1246.001731,729.2088437,1046.476215,796.0464368
Neopsittacus_musschenbroekii_musschenbroekii_AMNH792918,21.53003945,8.521044319,83.38172508,52.91567418,26.46141124,16.23624127,10.22516997,21.9291341,21.47271893,22.11644549,20.85803886,3092.500247,319.9351898,196.4243972,16.82098871,928.1768001,609.6966551,901.1036964,718.6910529
Neopsittacus_pullicauda_alpinus_AMNH765610,18.47385858,10.32183444,85.12685027,51.12741529,24.36102345,12.24455657,12.11646688,18.39558578,18.41146364,19.00365762,17.82463832,3468.82929,347.9715047,238.8770444,12.23300133,987.1581292,756.5397446,880.0173195,867.7882349
Neopsittacus_pullicauda_pullicauda_AMNH816448,18.7618459,11.67788828,86.39891062,53.25979066,25.322179,11.81174439,13.51043462,19.21489286,18.15628068,19.31875917,18.05088978,2837.189762,320.5940474,153.7877059,24.58345293,896.2037903,495.5436016,840.0764075,532.7390462
Oreopsittacus_arfaki_grandis_KU4789,15.49652955,11.94882147,89.44967975,44.21097031,22.10195638,8.745031822,13.35692456,15.78382039,15.1306411,15.97445484,14.95745273,2683.203604,317.4496368,129.9118745,29.72845415,890.4176779,416.3134613,775.8294103,522.2052474
Oreopsittacus_arfaki_major_AMNH339320,15.18109976,10.89485176,87.37488869,46.2587509,21.31548097,8.839986508,12.47549446,15.00146449,15.12000035,15.69968645,14.63869829,3458.102221,345.1754334,244.3464699,11.41531186,980.1642198,763.5652822,879.5756105,870.1747399
Psitteuteles_iris_iris_AMNH345468,24.51245814,9.115522547,74.75654142,100.4779723,30.56854654,18.34103734,12.2275092,25.1392717,23.70929057,25.63850985,23.16362931,1517.742795,279.3407029,8.387875743,80.63516859,771.7754855,48.17787367,545.1038335,125.4239057
Psitteuteles_iris_wetterensis_AMNH618735,24.59751915,7.795897842,68.94453563,97.00288809,30.0373414,18.71896968,11.31837172,25.06009066,23.88736692,25.55916801,23.2482387,1191.514947,173.951784,5.286403086,62.25542628,485.0125362,38.87463838,368.6322726,174.1472195
Trichoglossus_capistratus_capistratus_DOT7932,24.61506551,9.038698944,74.53021982,99.97519486,30.64108979,18.4860099,12.15507989,25.23005618,23.79937588,25.74134883,23.27388414,1508.362559,282.0590186,8.086486946,82.09461524,775.6045015,46.62323894,536.8865833,120.7207812
Trichoglossus_capistratus_flavotectus_AMNH617117,24.6649114,7.783736784,68.7714014,97.40447389,30.10822614,18.77928577,11.32894037,25.11828738,23.95297388,25.63097877,23.3107307,1197.7869,175.2876547,5.611530335,62.25941527,488.4750981,39.41110776,368.2511319,177.332629
Trichoglossus_capistratus_fortis_AMNH346651,25.65859423,9.267421326,77.96644006,84.98064269,31.54598895,19.64552547,11.90046349,25.75723594,24.76908778,26.70418965,24.51883815,1580.148792,283.958376,13.85034228,79.96735526,805.0825399,63.62318042,441.5332442,72.74207255
Trichoglossus_flavoviridis_flavoviridis_AMNH618606,26.00315422,7.628062222,79.44642535,50.34866771,30.63371301,21.02836281,9.6053502,26.25845117,25.60335997,26.41908448,25.26677608,2267.073943,291.9143928,90.507186,33.72929719,779.8069152,310.5446782,592.7150594,382.5288482
Trichoglossus_flavoviridis_meyeri_LSUMZB19414,24.63676595,8.341421303,82.73485056,44.77623879,29.62367974,19.51525529,10.10842445,24.65637123,24.6408204,25.09769971,24.06352676,2154.465734,274.7358638,94.38039726,32.57139114,745.0393907,322.9384761,454.8004167,523.0356722
Trichoglossus_forsteni_forsteni_AMNH617074,25.0547818,8.206086405,80.77098542,66.83109539,30.09194023,19.9332046,10.15873563,25.06837515,24.46487033,25.84388439,24.1928664,1550.753448,292.9199576,15.412472,81.88807441,809.0496287,61.04974655,386.2792055,74.02728987
Trichoglossus_forsteni_mitchellii_DOT7721,24.21877542,7.808447915,81.64177687,62.69771299,28.88827847,19.31834395,9.569934522,24.39312718,23.45188777,24.79909545,23.34355118,1865.452741,343.0781316,33.04949742,70.14288022,907.4410846,146.9690852,516.7514148,163.2674212
Trichoglossus_haematodus_caeruleiceps_AMNH425628,26.74139531,8.527806045,66.72286421,96.45898779,32.88616789,20.1189262,12.76724169,27.38648864,25.59613945,27.73046745,25.39040486,1930.487949,292.2610331,48.80018145,57.17976205,825.7644889,184.4365711,632.9971947,212.2536558
Trichoglossus_haematodus_deplanchii_AMNH337742,22.29919859,7.610905047,56.67224288,216.6305845,28.5513686,15.12219708,13.42917152,24.85135628,20.37454694,24.8867239,19.65357755,1808.729549,279.0268756,66.41433682,45.53776076,752.3005742,249.1872352,750.0934294,298.8801186
Trichoglossus_haematodus_flavicans_AMNH617384,26.89885974,6.814645563,88.95721528,19.53274197,30.70347379,23.04544267,7.658031125,26.88456596,26.86487453,27.09305208,26.71736557,3497.908886,355.9021372,217.4103487,14.61963653,986.3325084,718.6017998,904.0017998,796.192126
Trichoglossus_haematodus_haematodus_DOT7937,24.9188662,9.092136041,80.32889107,58.12850219,30.37287889,19.02917364,11.34370525,25.06902652,24.65264346,25.47609021,24.11309933,3238.765162,362.372845,190.9034237,21.72636983,1011.12864,619.6021902,834.0474743,724.2138558
Trichoglossus_haematodus_massena_LSUMZB45397,25.28303879,7.515525826,81.6213744,47.73254788,29.74180278,20.50682826,9.234974519,25.37030946,25.17538218,25.75681009,24.66140171,3252.937435,395.4868502,188.0106495,25.35718002,1094.008997,618.5818611,874.8224218,806.9384121
Trichoglossus_haematodus_nesophilus_AMNH336243,27.19966444,6.9241934,92.89777534,14.79480804,30.89337843,23.43905753,7.454320908,27.26771418,27.22721186,27.31402428,27.01693802,3430.851852,348.7777778,229.7777778,11.07935026,933.962963,797.2962963,863.2962963,902.2962963