"","wc2.0_bio_5m_01","wc2.0_bio_5m_02","wc2.0_bio_5m_03","wc2.0_bio_5m_04","wc2.0_bio_5m_05","wc2.0_bio_5m_06","wc2.0_bio_5m_07","wc2.0_bio_5m_08","wc2.0_bio_5m_09","wc2.0_bio_5m_10","wc2.0_bio_5m_11","wc2.0_bio_5m_12","wc2.0_bio_5m_13","wc2.0_bio_5m_14","wc2.0_bio_5m_15","wc2.0_bio_5m_16","wc2.0_bio_5m_17","wc2.0_bio_5m_18","wc2.0_bio_5m_19"
"1",25.5873366061959,7.68312845851963,80.0814131764481,52.6698700899285,30.1648822933224,20.5724103606749,9.5924719326475,25.7322225247977,25.391260450109,26.0590161989643,24.8486508552909,3053.72599035309,338.154637468405,178.96906146867,21.8065189378718,965.078157595559,575.338226691244,790.443879071513,710.073047163876
"2",26.0474450615064,7.12599255150496,83.8209891867634,34.3297303398017,30.2367749576243,21.7388298992011,8.49794505842318,26.1376001328758,26.047926937029,26.3850241710296,25.5880472532075,3242.95282519837,368.074368838663,209.407381582111,19.3461002129154,1027.2562154364,682.26078384227,874.776749218562,793.023683577783
"3",26.4961864575747,9.36913565001432,87.8457175126292,32.0575468843635,31.7096432959043,21.0364243793204,10.6732189165839,26.6773862321395,26.1409144451142,26.7995388747602,26.0594610352324,2736.81179135283,322.529645910955,143.792652853352,27.2854195892198,894.128112686627,463.082477819176,789.945184549816,470.629680756963
"4",26.0021783436473,8.96685454597693,71.4143294260637,86.0609308972137,31.9897933163751,19.4593457492391,12.5304475671361,26.3543474848703,25.4058136385943,26.867469584126,24.8064063444764,3183.98682414855,372.45737937572,170.428960178257,30.2545213806788,1042.54204314226,569.527175704351,845.958413123006,654.276202565437
"5",24.882237366461,6.75096319992917,65.1787313321446,133.887995292409,29.9001805459318,19.5753419075292,10.3248386384027,26.3658437411702,23.2790975620794,26.4426438854838,23.244563093459,2651.02018917819,363.643053295362,110.957129780309,39.3718915518056,980.13588283157,373.329027664768,973.123321806347,381.947416598861
"6",21.4234848615566,9.85535741364064,83.7863956183254,52.3555175333498,27.0924367019461,15.3601147824029,11.7323219195432,21.5792104377879,21.2022313135321,21.9387553942687,20.7225614813743,3308.34607607228,345.875893014347,211.331542413846,16.4827594718618,977.856872275606,673.682441697301,882.807866529369,757.079812406964
"7",25.7742629671955,7.31921270655126,84.4865508542062,33.8611092627935,30.0303043224043,21.3686974996645,8.66160682273985,25.8396914594495,25.7629265099492,26.1076703297863,25.3265448079119,3205.5027556836,363.505417423436,207.596762071773,19.3840035256376,1012.64814930795,672.191958414229,881.388801903927,782.442662992422
"8",24.1885702608774,7.60936631191234,85.7543842949593,32.7950493211791,28.5410156036444,19.6719960812525,8.86901952239192,24.1677567333789,24.2185908726756,24.5306366821267,23.7830016025625,3324.29748730634,361.89923187085,226.866293451374,16.0865512142464,1006.05962765265,720.091394349694,873.88360890509,828.439786486135
"9",24.649873453487,10.1200767268839,77.3289331914496,74.4821508328984,30.8828723373294,17.7973119683659,13.0855603689634,24.7766398749796,24.3720087032252,25.3962311610421,23.6219275194754,3962.11975578565,431.226444866136,249.306773647952,17.2309569345187,1196.18268635782,813.911761065963,994.799234767543,950.642269295821
"10",26.8337895654815,6.04546175418985,83.3352153590867,29.7424359299885,30.353988246383,23.0995790980687,7.25440914831429,27.0372204899417,26.6029297614766,27.1720318809105,26.4531081131314,4506.82710280374,471.761682242991,322.294392523365,12.5166608573966,1321.58411214953,1002.65420560748,1236.57476635514,1061.1214953271
"11",23.7894109825333,7.31831149691947,64.1348661052814,152.851149435006,29.1541985601966,17.7434336203684,11.4107649398282,25.6076757779943,22.2546725912753,25.6308840051903,21.9364871494247,2285.02364185111,308.676559356137,117.772132796781,33.9025483073725,842.370221327968,382.254527162978,839.693158953722,397.509557344064
"12",25.0985150917548,7.01283797856894,72.9331129468549,87.7633927086925,29.7398621918772,20.0878373095423,9.65202488233491,26.0759242427624,24.1195070537636,26.0992949695719,24.0260917490179,3094.31326576917,375.030630766904,160.051278172742,29.4164246003304,1075.30078656784,539.323929813946,1039.18325518076,558.725835728332
"13",20.5036228910622,8.63231802978949,83.6045804182814,53.0726954481768,25.515099722537,15.1919019604011,10.3231977621359,20.9299561121913,20.4586846297764,21.1351739403356,19.8633532720711,3105.57155643068,318.679226707241,199.412512306453,16.1756332157759,926.830663205943,615.536024344402,911.258569766401,726.521525105164
"14",25.0456717310415,8.95789278229233,78.6563974836334,62.8348380821234,30.5401341349209,19.1091138065456,11.4310203283753,25.2877754137982,24.6401022255917,25.6640245160452,24.1777010018481,3002.09024885932,347.864011058132,165.305117364287,26.5310793170476,972.458810819471,543.14398986201,805.720519263928,636.709955091742
"15",22.491635327292,10.0938271257366,83.4069467270004,53.8877277536229,28.3348636202506,16.2499909054248,12.0848727148259,22.745551138747,22.1355858440943,23.0371932895624,21.7605849983885,3088.89544010945,337.888148658994,184.748807634709,20.9404698236359,949.964328358542,595.39415568039,844.104176012534,657.72507638503
"16",25.6293792431678,7.70056750288118,81.7277868207139,44.4912731080461,30.1238493461855,20.6801821825688,9.44366716361671,25.4529645317025,25.7103444477339,26.0134814675382,25.0260681871401,3403.80996056918,451.587576432939,175.302731584662,32.2981272866051,1236.67821018344,580.971626950111,845.179038802217,907.494456826104
"17",23.1437168797596,8.57862966168501,84.1933612309619,46.9661281705296,28.010443502586,17.8225328296082,10.1879106729779,22.8933218512892,23.2149183944982,23.5884680042282,22.5320259081838,3198.39244002071,379.485357574363,188.159542028652,22.703695290312,1024.24273632127,620.570335423739,807.147229733617,889.110177780335
"18",25.8239941820733,8.79763812599499,84.5562490338505,41.5295195525372,30.8703357311218,20.4670875033966,10.4032482277252,26.0176193346192,25.5525147171133,26.2073895314498,25.2435656988075,2902.55493076222,325.622719465042,171.308018011013,21.8397424877234,907.804925460702,548.89249588249,778.536347185602,603.879263301501
"19",24.4147452709481,7.78312929736296,73.7218974868921,75.0357781306225,29.4288092108871,18.8662305381822,10.5625786727049,23.9256550277105,24.507744341226,25.0625799366867,23.3475570231289,1991.97125174686,303.543421840687,70.8770213615492,43.352746273559,792.632860850469,264.460670792573,429.868636454382,615.083749251348
"20",21.634498272923,10.2504613310526,82.59070156632,58.0999852825156,27.5935977526276,15.2271877658167,12.3664099868108,21.9507872229997,21.1706667844332,22.2363334050321,20.8519826215142,2987.0060014872,327.920411497093,172.127006106879,22.4494974829286,927.009163246307,558.686766281596,845.131327177662,612.60472156027
"21",25.1179345946239,9.01081412993152,78.9820454380751,75.482305922352,30.7110868283113,19.0609258415758,11.6501609867355,25.5965294047165,24.5044556636618,25.8754867257985,24.0715683375508,2889.56302392178,342.196015118852,159.171095889633,31.0040554730449,955.460220271905,516.179877996847,814.138938992745,572.501607844844
"22",25.2933822639872,7.60657573492538,74.3244351369412,71.1235005324404,30.1293814099629,19.8962027963901,10.2331786135728,24.823753404037,25.5364819761538,25.9163275584603,24.2785322170652,2624.84597332383,401.963015773995,99.7495172741586,43.7115926304421,1066.38035825684,359.332531265781,482.947954727743,875.374624959154
"23",27.1215771724163,7.25731095586049,88.8177908772027,24.9061432473144,31.1148902610213,22.9445375048804,8.17035275614094,27.2103745314624,27.2129712432882,27.3326367057795,26.7589628229797,2782.83366733467,318.649298597194,167.38877755511,22.7664640547797,882.879759519038,524.022044088176,683.466933867736,594.599198396794
"24",26.6411716369855,7.79889194720209,90.4308701356032,25.0053979104761,30.8854655236713,22.2628927625236,8.62257276114771,26.6729080132307,26.7738130125488,26.868327381328,26.2767280476241,2830.77186440678,275.868474576271,192.470169491525,11.2387533029683,786.429152542373,599.925084745763,681.436949152542,710.085084745763
"25",25.6210750258075,8.58618908271038,84.0925144566024,40.7959630595623,30.7187364695384,20.5041241319818,10.2146123375567,25.3137455535423,25.7586994543182,26.0352169746319,25.0608775513473,2663.01969872538,281.070683661645,149.172653534183,17.2997160791817,793.363847045191,509.498261877173,687.771726535342,759.278099652375
"26",26.6139783185418,8.88772982182216,83.1167723373039,41.0175122637401,32.0025538922545,21.3083232442042,10.6942306480503,26.9528431671747,26.7427827230482,27.0889477725834,26.0882822543044,2997.89110556941,310.247714048213,196.748960931006,16.1427783347347,860.315876974231,622.099750623441,816.128844555279,770.715710723192
"27",26.8357566135887,6.99671855696733,64.6540144292324,85.0303828485582,32.0787615618141,21.2598795881269,10.8188819736872,27.3754191818684,26.3111090239325,27.6275091484987,25.632701702857,1904.30717937319,292.047566125806,10.783951989331,67.2298030902929,791.501889308735,61.2267170482329,519.170482329406,250.669259835519
"28",26.6207392258431,6.18128957463734,67.2254509170956,73.487890657055,30.9915050193445,21.7975120800645,9.19399293928004,27.0563726406192,26.1252888048466,27.2610572162552,25.5783927037348,2631.53656716418,392.45223880597,71.7634328358209,51.1743650221374,1078.5447761194,245.859701492537,771.479850746269,347.357462686567
"29",20.248469408703,7.78044719882648,79.4117058403471,64.8889001148551,24.8172793678268,15.0185652718854,9.79871409594138,19.849491716181,20.4552864038719,20.8531940321586,19.3169661657865,3133.24528301887,435.779874213836,141.278825995807,36.4443737164374,1196.12997903564,485.008385744235,828.498951781971,1115.15513626834
"30",22.3950994221369,7.6616603603363,77.1058941522014,69.9434182648237,27.0531906636556,17.1143802668254,9.93881039683024,21.9044741558499,22.7806126906783,22.9754841473897,21.393175169203,3046.40444444444,454.4,127.426666666667,41.1253064170894,1214.81866666667,443.6,644.232888888889,1150.85244444444
"31",25.9800699567163,7.70532912183721,86.8033079063972,33.4467326564171,30.3526589292079,21.4748718253669,8.87778710384095,25.9889585487455,26.0560257826754,26.2978079881241,25.5615818002046,2256.42910946098,270.642528981249,119.365644532293,25.7211765381925,756.756984881671,402.51941877237,608.740958384529,609.666301618676
"32",14.7859721234371,11.0219605603598,47.0870115118916,445.289888606387,25.8127938304834,2.37252966100481,23.4402641694786,14.4340287733935,15.8288498699158,20.2317406556584,9.25297651410034,784.000808922532,98.20853768434,36.0630206842446,29.9343970289442,270.127735547003,127.081563351463,197.387472832713,196.006091833381
"33",16.649173314545,12.3383442355716,48.2481226560062,479.445238933301,28.734644673745,3.07976222089095,25.6548824528541,13.0128729146565,20.4898085058945,22.56250625133,10.8027647637073,414.1917281897,55.8467261552602,16.8281551181998,34.9837647177456,155.112529323795,59.6723040620851,66.3910895359569,148.651827598605
"34",19.2098137599532,12.2072381137567,51.0142505605091,426.717332430723,30.4551879292833,6.58316380212317,23.8720241271601,24.0171127412658,14.2814918812864,24.0171127412658,13.4926371355015,964.763053536021,137.676580744657,30.4832562238379,46.760542537436,395.232209737828,113.174267459793,395.232209737828,117.941947565543
"35",16.6005598650307,11.5255880048526,47.8744781557077,455.420963469051,27.954630903346,3.83746617280549,24.1171647305405,18.339474257518,14.9842336279252,22.0175814659152,10.7888480620852,857.341031870721,121.559645230311,35.0723329910018,37.3558393735972,329.912186783116,123.271000439603,281.051021205415,164.601393361529
"36",22.7234693065539,8.10547808073733,84.7578155199832,44.7514532253816,27.3826002195804,17.8222321506834,9.56036806889694,22.3992714214789,22.8005688641483,23.2365354792625,22.2402643983382,2558.1272810219,272.554288321168,175.664233576642,15.1775357191829,726.155565693431,557.097627737226,641.278740875912,700.736770072993
"37",23.5701027351421,7.80637820980924,83.8935092223429,45.7104246249658,28.1109336727268,18.8067853319776,9.30414834074922,23.3498051073962,23.4026016794282,24.1126186356876,23.1061348771874,2894.47252747253,324.843956043956,164.589010989011,22.5748313699595,894.046153846154,576.092307692308,768.415384615385,613.07032967033
"38",25.6545825263637,7.50534779151653,84.4846311110042,32.8296564117475,30.0356560695662,21.15213440523,8.88352166433625,25.8816798721822,25.5196749276858,25.976931080686,25.2332741355846,3121.4530023727,354.839143395997,197.53592504715,20.8962830183801,1013.66459816268,638.800693557218,915.642696355783,718.561842185314
"39",23.9876021404108,7.67421229147033,75.9430225103056,70.9484358931227,28.7453475455165,18.6382065279266,10.1071410175899,23.4511574282355,24.3872637402799,24.5904979641895,22.9754289938143,2965.29737807363,445.340986279038,120.893900285287,42.0030444745957,1195.82257845401,427.152968346692,534.289770411629,1102.43526694743
"40",25.7868648832463,7.91475090379281,87.9538819847553,31.3354642098821,30.2526091885147,21.247478024406,9.00513116410871,25.8489614006954,25.8178667952149,26.0948688411162,25.4124577725554,2116.62934738821,246.918893514167,110.190244393716,24.4042034794455,690.289277561434,376.539512555391,603.061534846247,543.584027125017
"41",25.1017792586549,7.73034489313212,79.4324706084911,55.3770926170195,29.743038265469,19.9893565231254,9.75368174234364,25.0326915303095,25.1317569380132,25.6430887949111,24.366800917364,3177.80577640092,395.338565083891,168.672976751837,27.7892630539797,1085.11588441715,567.494187959206,813.750781335673,820.674443469679
"42",25.3453837366576,9.0363782803966,78.1182037973703,65.040011148394,30.9265798232848,19.3095109784597,11.6170688448252,25.6348771371023,24.8849567606753,25.9874688081338,24.4434618445129,3034.9828022447,346.590471371062,169.301350946493,25.7668136449709,970.802882908739,555.387547425372,819.619946223971,623.655352552725
"43",22.180172410353,14.2666483700969,48.3521222683341,561.8493124042,36.0444229517717,6.3862692703229,29.6581536814488,25.8694149294757,18.8414299872731,28.6354429704447,14.8816540834099,360.442284799426,70.7960239643587,8.92721050798032,60.5988989869053,177.748028473095,33.6137647140917,140.412190184429,54.112188407278
"44",22.3233547304576,11.7125647053458,49.2287014138403,459.853245681191,33.8445702467469,10.0601024159079,23.784467830839,27.4950112588407,19.145512809436,27.5137750106919,16.3822575024785,1304.43580221443,210.969328106733,46.311670449075,55.6740203082516,584.310501341036,177.411319716663,575.358159686404,207.782752217867
"45",18.9785482193315,10.9456833990493,85.8333482673984,51.7926155722872,25.1687793774169,12.4323277367776,12.7364516406393,19.2072953601317,18.6271355529915,19.5214010409002,18.3035576570376,3079.95416665121,332.0340764532,184.844923951059,20.6054985360183,938.873674567647,589.595425566241,857.658897967207,664.772917601593
"46",16.450176036268,11.0892333068884,87.2774666374987,47.6209941177643,22.6821219171866,9.98897673378517,12.6931451834014,16.4877569453036,16.2738311326261,16.9613032917369,15.8648498575339,3148.16717174337,333.17753013789,199.06329883005,18.3180310005105,940.300052607011,628.811140831191,832.40423671673,733.287552884865
"47",15.672323616455,11.1522456190595,87.9030307100168,46.0190028026633,21.915688141936,9.2392613169713,12.6764268249647,15.7170222738017,15.4919174420694,16.18218250702,15.1226660111146,3133.64322487563,332.739204818707,196.910721465795,18.894564097657,942.095869566931,618.641261757031,841.990972808048,723.247526391725
"48",24.8926701328288,6.54132304607395,64.3208970710976,134.017927370321,29.7974021386013,19.6779393662501,10.1194627723512,26.3794974323249,23.2938119023121,26.4586816396522,23.2506983765814,2634.06857709291,359.891997837253,111.725150941696,39.0152222972187,971.203568532036,373.896007930071,963.894521041723,382.55276200775
"49",24.4222783503233,9.28106985982896,79.0318974425191,63.4958272665743,30.0895098320664,18.3184398305409,11.7710700015255,24.7050422823205,23.9625905601429,25.0553007413032,23.5488483568206,3022.52232963559,343.211309908745,169.488219720209,25.5385293462579,963.206459172788,553.691462019334,822.363634956694,619.991810790345
"50",25.5879058909692,9.48990770576364,86.3660742166292,34.5732866639485,30.923541726818,19.9381174421292,10.9854242846887,25.7663578903028,25.1617518232167,25.9128204664037,25.1115555222148,2698.41240593753,317.923942548878,128.549290451156,29.6289596180239,892.656358451019,424.350281757894,807.319503144006,437.727571040786
"51",21.4055063162905,10.5687628853317,82.9204106808194,57.9310689032127,27.5559110536183,14.83596810842,12.7199429451983,21.660945706381,21.0505665872165,22.0078246498262,20.6288275526326,3191.7802497865,347.478013094583,188.463644428722,21.1983030862967,979.431996882505,612.516213459949,870.305271274552,687.767218769087
"52",24.5196210049019,9.00439888773258,74.2671209466809,100.185340573561,30.5238145317748,18.372862465457,12.1509520663178,25.132603983179,23.7242861185581,25.6318285881621,23.1707541427348,1490.27162732785,270.466056734517,8.12670528367259,79.0874374741058,747.627598527501,47.3944618882633,530.243422477263,129.52682438285
"53",26.4112831942849,14.1437763592551,59.8143648976369,356.548958237914,37.4216436829687,13.5351302648887,23.88651341808,29.22583601662,22.0990280211626,30.0859329685374,21.4017387758297,824.795308034019,212.119347187164,1.65873268158908,112.792310313559,553.90393080448,10.0341458585325,332.643607105431,11.6518928689768
"54",24.876812248875,9.01431529368276,75.0096045587302,96.0943675113585,30.8308592998795,18.7922128705142,12.0386464293652,25.3534433349537,24.0495355090837,25.9727585656701,23.5846931836989,1506.08949492193,275.634047447319,9.35460730228659,80.2866001754082,764.364061677616,50.3690910154194,502.372560868633,112.49047739722
"55",20.5512700459828,12.6202226764566,51.9027731435062,432.595656562863,32.1332452562624,7.59352944434086,24.5397158119215,24.8306373889284,16.1251155025097,25.444241686035,14.8061047432672,850.39031121366,154.615709510681,23.161912662203,60.6642014499394,412.939642186198,82.6583090805796,353.632667500845,94.5206626491327
"56",24.7387673278539,8.81604358980947,74.7344580924972,95.926935626507,30.5941529866689,18.7565189904203,11.8376339962487,25.2830264210586,23.9586586518954,25.8027647829479,23.4517280327691,1472.65229441874,269.24066250922,8.17521625427479,79.5958240542569,742.963767630032,46.7865173562216,513.709246965735,124.27137396902
"57",26.0031542192025,7.62806222247289,79.4464253519178,50.3486677085382,30.633713014472,21.0283628140755,9.60535020039643,26.2584511670753,25.6033599692352,26.419084481611,25.2667760809271,2267.07394292856,291.914392834826,90.5071860029161,33.7292971888689,779.806915225995,310.544678192043,592.715059362633,382.528848156634
"58",24.7355386362868,8.03551251996141,81.1399752077904,65.0290855081008,29.6188852539157,19.7121851206219,9.90670013329377,24.811692267241,24.0785446093333,25.43937890348,23.8715701387354,1679.01251375138,313.086289878988,22.6836152365237,76.917973012638,848.155837458746,96.4685781078108,437.728066556656,111.326904565457
"59",24.9190239787457,8.86670085461454,78.1828581400676,65.9326384088231,30.3917398079403,18.9997711791326,11.3919686288077,25.2066858750315,24.4875038270617,25.5785254544973,24.0178573447447,2999.26914036879,349.804196503619,165.295698862686,26.8867512442537,976.727962008736,543.328412279841,811.403767774745,639.272001446407
"60",23.7971324004308,9.19289630441214,70.8647004166759,109.956307162179,30.1945176913744,17.1801266410134,13.014391050361,24.8530480565632,23.0406581424055,24.9912099947926,22.2719917102108,2330.13636363636,259.493473193473,125.043123543124,24.0064246777175,741.051515151515,403.856876456876,688.270862470863,474.426573426573
"61",23.0962885743553,9.80353925558811,71.4710025267287,115.229934917174,29.8109090920263,16.052197060809,13.7587120312172,24.2197733163834,22.0019286135699,24.3615799063804,21.5028047127212,2626.62147651007,331.089093959732,115.155033557047,33.5884946482069,915.448993288591,385.454697986577,861.439765100671,433.14932885906
"62",24.6367659528062,8.34142130260208,82.7348505556968,44.7762387856377,29.6236797395195,19.5152552925855,10.108424446934,24.65637122909,24.6408203955864,25.09769971452,24.0635267550936,2154.46573385933,274.735863831799,94.3803972557537,32.5713911430708,745.039390670942,322.938476086346,454.80041666051,523.035672246765
"63",26.7502424184613,7.69294617162842,92.9508645895685,14.8051688020222,30.8036097121069,22.5270768842901,8.27653282781678,26.7953176853304,26.7913459602652,26.9542155231829,26.6009155954526,4573.9216152019,471.251781472684,250.546318289786,15.3755533095652,1324.28266033254,902.760095011877,1208.13064133017,1163.69121140143
"64",26.9353715926824,14.1607757262692,60.8359668203114,337.903075667966,37.6694230223968,14.2319289324733,23.4374940899235,29.26222238732,22.6399985238976,30.3825235773508,22.1495818502352,871.279826702734,224.218395288732,0.89751423028342,115.439860133357,585.512990123662,7.74412836466243,317.261125820279,9.10792927742766
"65",24.9574564831207,8.55780885512597,81.207676486028,70.4517926725596,30.156844238398,19.6148667121569,10.5419775262411,24.952034346859,24.3205905146782,25.7823441824868,24.0540962954957,1692.46584906806,322.218687389958,24.6633477020217,75.8177843745319,855.402222087305,97.1134721631959,394.082994353713,125.993321595532
"66",24.7549946523747,6.05216451949137,77.2184106493511,65.4205023485203,28.5586664710796,20.6524289782766,7.90623749280295,25.4370658829439,23.9974116998794,25.5120776865615,23.9012139438183,3236.18904794365,457.649625085208,141.235401045217,37.8389147349941,1200.27084753465,458.288570779368,1040.83912747103,482.314019541013
"67",24.293511396463,6.19375254769066,60.1145177267298,160.708197145604,29.517291824101,18.9280078003589,10.5892840237421,26.2531800585474,22.5378627339921,26.3026265373555,22.3560756809507,2016.83104125737,253.98231827112,102.170923379175,31.3257766402009,702.746561886051,326.135559921415,689.781925343811,346.624754420432
"68",23.6492082030568,5.98039119396252,57.1814478244295,170.079708983346,28.8103302583,18.3501805943369,10.4601496639631,25.3821949632489,21.8190716497156,25.7091911791703,21.6059785594477,1978.27814569536,252.152317880795,98.2516556291391,32.3092551568212,687.225165562914,327.781456953642,666.086092715232,329.927152317881
"69",23.3223483562469,5.30378802617391,52.7024985324156,183.108182067271,28.4363632202148,18.3727264404297,10.0636367797852,25.2060607274373,21.2833331425985,25.5772727330526,21.1409088770549,1857,233,93,30.7871391822739,635,321,610,345
"70",27.6074364407588,7.18896547764708,91.8292600676587,21.9135328116634,31.4851119251575,23.6634358292919,7.82167609586554,27.572757182687,27.741972389329,27.7970540574715,27.2929006247871,2194.58474576271,266.603389830508,126.030508474576,28.248867460842,718.150847457627,413.562711864407,565.308474576271,594.671186440678
"71",24.9862269560496,5.46504656473796,59.0106559434278,143.061297142939,29.5888899167379,20.3277773857117,9.26111253102621,26.3662038909064,23.3171296649509,26.7250003019969,23.2351848814223,1997,261.416666666667,87,34.5281838581734,717.583333333333,310,674.833333333333,318.75
"72",23.8849719577737,6.88018321625209,69.2626632211979,114.675670335095,28.9559702594141,19.0145210248939,9.94144923452021,24.7058477783394,22.525091261591,25.238646953647,22.4557259936362,1916.56728364182,249.870435217609,95.1660830415207,32.7685983188846,691.943971985993,316.250625312656,590.59979989995,317.257128564282
"73",26.6175002257029,5.19499985376994,69.08245818057,90.4836806016008,30.2399997711182,22.7200012207031,7.51999855041504,27.4300003051758,25.4666668574015,27.6233339309692,25.4666668574015,1930,272,96,36.802511358433,746,313,547,313
"74",26.6998670426282,5.36221333946845,68.4435653117999,89.8074259623868,30.5452215310299,22.7100938450206,7.83512768600926,27.3211060003801,25.5491885946255,27.7354838920362,25.5491885946255,1696.83333333333,238.348484848485,81.4545454545455,37.6913214502662,649.833333333333,263.287878787879,465.136363636364,263.287878787879
"75",25.6569142790808,5.02928708256155,60.2505602961947,120.240066293389,29.7695649188498,21.4224639560865,8.34710096276325,26.7742751577626,24.2310389781344,27.0892510621444,24.1632851725039,2060.52173913043,278.173913043478,100.086956521739,34.4209437488236,757,328.347826086957,708.347826086957,340.434782608696
"76",22.9396078586578,4.67834888958762,48.1475985711894,192.292146199899,27.7645389069902,18.0479906366227,9.71654827036756,20.8878641263813,25.3645391802416,25.3645391802416,20.6227736980357,1401.93617021277,147.68085106383,75.0212765957447,18.9111919657325,405.829787234043,281.085106382979,281.085106382979,378.659574468085
"77",25.004375242508,6.38203981533722,77.9538923017619,55.1592992114913,28.7785227885797,20.5932101053209,8.18531268325882,24.5365517854291,25.3827972779522,25.6510684526146,24.2635992743462,1777.391959799,186.683417085427,113.185929648241,17.4988979374967,514.1608040201,362.035175879397,378.723618090452,463.56783919598
"78",25.7520320985454,6.52283427049014,78.5580189755598,55.2451682727035,29.5958704129614,21.2932033538818,8.30266705907957,25.5656198540119,25.6936154028382,26.4038224268441,25.0174546193595,1591.47474747475,173.808080808081,97.4545454545455,18.8811844132842,467.69696969697,332.727272727273,373.333333333333,383.313131313131
"79",25.0206584171478,7.90210957044574,82.7838371454819,49.2926694788639,29.5708622447354,20.0243072937442,9.54655495099118,25.0413546312762,25.1768256685379,25.4696351836791,24.337832344188,3189.82783705141,353.051948422434,194.648000228219,20.3801036690386,1010.27155246192,619.480801049809,818.175215381982,856.717806812347
"80",26.9558701473564,7.06461619014657,78.7246445280202,50.3726983980029,31.2029425415954,22.2299134077581,8.97302913383739,26.6445165807941,27.2815533918556,27.3725957858396,26.2314482281836,3030.5302070131,440.622729193071,143.007604562738,40.6162055558958,1198.21673003802,480.388255175327,499.962822137727,1022.58301647655
"81",26.0495992458618,7.45250788667523,77.9678439498779,54.8400967666579,30.613292505672,21.0561036785709,9.55718882710111,26.3086777254832,25.5218142642214,26.5356375421919,25.2736837049935,2928.63738560976,321.379487617057,165.865846114465,22.601371825309,918.120629706265,537.749760020478,784.538663367393,574.438810554833
"82",26.3788901108046,9.54627480458528,88.0349299474172,30.2661606415511,31.6617979587004,20.8211946612898,10.8406032974107,26.5403198175461,25.9803875778754,26.6534778576453,25.9728065614916,2736.03774229186,327.797207994376,124.744421010344,31.5611295872849,916.844451139902,410.874058451341,833.981620970172,412.612172341067
"83",26.3788901108046,9.54627480458528,88.0349299474172,30.2661606415511,31.6617979587004,20.8211946612898,10.8406032974107,26.5403198175461,25.9803875778754,26.6534778576453,25.9728065614916,2736.03774229186,327.797207994376,124.744421010344,31.5611295872849,916.844451139902,410.874058451341,833.981620970172,412.612172341067
"84",25.3638562802807,9.78570703492205,71.6065342922097,90.6598726604035,31.8772558340551,18.2582389140289,13.6190169200262,25.8187074896898,24.6665720427351,26.3119315894103,24.1310899523656,3052.68098205725,374.167477057937,153.894719901383,32.3773284842178,1033.55688261882,527.493918641282,828.853595397891,589.755314340501
"85",27.0356442132468,6.11746606281481,64.7956824824662,72.6201006583618,31.5503452305154,22.1110650093525,9.43928022116294,27.4532933527601,26.5929535098234,27.6831582780524,25.9962393100128,2496.22034632035,315.190692640693,92.6217532467533,37.2968221439614,867.8420995671,325.749783549784,715.509956709957,408.762987012987
"86",26.3941742493946,8.50233493622797,71.611620665246,83.0825023187382,32.0630699227086,20.1901192714311,11.8729506512775,26.6607671972404,25.8813422152844,27.2065155284483,25.2226159758443,3315.08556553745,373.250560573407,186.71411966971,28.079388798138,1055.73739981112,613.806639707485,862.745221202509,716.583374094971
"87",25.3738122068925,7.26860811555496,86.5028314701614,34.1472755891497,29.3845893116528,20.9841815695262,8.4004077421266,25.5174457586126,24.92723421979,25.684809651739,24.8868648061405,2374.59850107066,296.52034261242,135.872591006424,29.1213392712029,819.040685224839,419.02034261242,688.782655246253,423.754817987152
"88",21.9285174664887,9.23065834431915,81.9509554452079,59.410870118826,27.3229673080605,16.0642488251484,11.2587184829121,22.0648582930855,21.8148944815194,22.502177453848,21.1329435138948,3146.98707992304,326.599846474394,204.087569410521,15.704442083663,930.054023068718,640.983261721281,838.878704802161,758.573418137954
"89",20.906124485454,10.6180042559597,85.8834775526899,44.2294798011358,26.9158439275183,14.5867292122375,12.3291147152808,21.086749303713,20.561851572519,21.3531073738945,20.312300056878,3530.02065234417,370.971371079489,221.739953972022,17.2482341237709,1040.85145735182,718.845625534684,943.371248177557,762.96106900582
"90",21.3742124077681,10.7307226284499,83.9695392948374,54.0430234125231,27.5394210609587,14.7806196046263,12.7588014563324,21.5657721626564,21.0707101877072,21.9236357743512,20.6462800130392,3293.28410559978,350.231445570903,202.143733036977,18.6583487343144,984.536095801864,653.961299736152,881.680078322863,728.445612483273
"91",22.1438932008946,9.80378923779287,78.5175839689483,75.1584555115873,28.0993443850707,15.6742769379318,12.4250674471388,22.7573634536676,21.3606294242292,22.9533235987931,21.1175860830618,2593.35009089335,308.88393784626,120.543282548476,29.648649527102,881.119719529086,405.337279259003,836.082453254848,431.570420706371
"92",21.224991247516,9.5687508089393,83.4635923208927,50.4460216557595,26.780357768189,15.3616761155508,11.4186816526382,21.2054006712285,20.964032622949,21.7778060540234,20.5802020148397,2763.13248721695,326.42969320672,140.645818115413,30.6655452539653,952.722881665449,451.532779401023,764.527574872169,615.975620891161
"93",25.795815959905,7.91378362322071,87.9145882750664,31.4609667804778,30.2612895697909,21.2531115010003,9.00817806879066,25.8618254118985,25.8246468784219,26.1043286505745,25.4184660904107,2112.2664028466,246.097003757773,109.860796115859,24.3577881730064,688.173156862093,375.766984802634,601.493931029896,541.316151774135
"94",25.5839621434311,8.36326176849064,82.2559706909068,50.6072265663739,30.4779650638534,20.311107559322,10.1668575045314,25.777390634223,25.4111918771252,26.0394767560851,24.8744409712208,3068.99321427515,333.792091698452,194.204202517174,18.1757301131225,934.823847116683,615.159279737441,787.314099721081,714.904019199117
"95",25.7836743237078,7.51233724689504,81.8653985915705,43.5605635247666,30.1795994381601,20.9813118356102,9.19828760254988,25.6012774593895,25.8863069929151,26.1725348688381,25.1928785077031,3387.15801907239,434.293389683572,184.162765496316,29.0046252934274,1182.94375812744,608.980385782401,836.818530559168,899.672583441699
"96",25.6272851689445,9.02091813676774,72.1438450252085,83.6888643055479,31.5860418143213,19.113533112435,12.4725087018863,25.9015987361538,25.1110527934481,26.463936184839,24.4648117420925,3226.82019217708,380.923236817621,173.124499885945,30.1437034205567,1061.78426341946,578.195693572653,835.413073064709,695.245939496772
"97",23.9057436753014,9.80143266186274,82.7398142972459,52.8465154854722,29.6169186675143,17.7774045688687,11.8395140986456,24.2103376304526,23.4000493195273,24.44828749585,23.1854248067697,2755.53023390106,316.357117927761,141.644944412011,26.8351543347412,891.16214432571,470.791110363733,807.92495304211,498.617451836434
"98",22.0555334898804,10.2336044185743,82.9701034773548,55.9617409607381,27.9972020681223,15.6933021186897,12.3038999494326,22.3126556705349,21.6873539056774,22.6261852141363,21.2988780578634,3126.65078218709,340.345051198848,184.840623224454,21.1312239324071,960.527351927375,598.07727427684,858.368232724334,665.274367747882
"99",25.9582210140002,8.7663767342992,87.10880211086,34.4878776398403,30.888396886386,20.8182396126008,10.0701572737853,26.1474996806389,25.6754144395878,26.2824840885708,25.4705486202537,2671.50471586541,302.545517710366,172.450668204127,19.6789586368749,827.194680976879,538.520681804742,704.291245343268,559.742549228313
"100",25.6656463957811,7.53177287645636,74.5797204902163,69.4659324639867,30.4262023991927,20.3325852063172,10.0936171928756,25.2042630058149,25.9723412963782,26.2780464704894,24.6729711890616,2892.98464791711,443.661788961726,111.982321843942,43.8636299661686,1182.36269824487,399.528187777543,505.436794248255,985.655614294777
"101",24.4147452709481,7.78312929736296,73.7218974868921,75.0357781306225,29.4288092108871,18.8662305381822,10.5625786727049,23.9256550277105,24.507744341226,25.0625799366867,23.3475570231289,1991.97125174686,303.543421840687,70.8770213615492,43.352746273559,792.632860850469,264.460670792573,429.868636454382,615.083749251348
"102",25.6210750258075,8.58618908271038,84.0925144566024,40.7959630595623,30.7187364695384,20.5041241319818,10.2146123375567,25.3137455535423,25.7586994543182,26.0352169746319,25.0608775513473,2663.01969872538,281.070683661645,149.172653534183,17.2997160791817,793.363847045191,509.498261877173,687.771726535342,759.278099652375
"103",25.6210750258075,8.58618908271038,84.0925144566024,40.7959630595623,30.7187364695384,20.5041241319818,10.2146123375567,25.3137455535423,25.7586994543182,26.0352169746319,25.0608775513473,2663.01969872538,281.070683661645,149.172653534183,17.2997160791817,793.363847045191,509.498261877173,687.771726535342,759.278099652375
"104",25.6497024311123,7.66575402475664,80.6227721900813,52.2781452111452,30.1932956691948,20.6838296531165,9.50946601607829,25.4372869766461,25.6580415387065,26.100748245791,24.8837978789499,1833.12835067802,201.43330179754,70.5897193314412,26.9536319746873,581.904131188899,285.185115105645,461.930936613056,456.072216966257
"105",26.67790819849,6.76258355320189,83.7800674972123,37.9425440975425,30.5570606143442,22.4851682961802,8.07189231816401,26.4993035352234,26.9124469518411,27.0058067547076,26.1399356891513,2745.46561514196,335.490641430074,165.185909568875,26.7864927656459,955.658675078864,526.127024185068,706.464773922187,819.128496319664
"106",25.6954771560717,7.69604937180743,83.0237817362043,45.5362074305417,30.1642190862901,20.885703598196,9.27851548809417,25.6562515326596,25.6934719991607,26.0911623770523,25.0319197346582,1827.62422467264,194.138697450034,80.3430392832529,23.9758220984108,560.391626464507,301.228807718815,486.283769813921,436.38266712612
"107",25.8127514998807,7.924964065488,89.2776799447565,27.5687250893923,30.232137080219,21.3549287159459,8.87720836427307,25.916226549973,25.8541533523418,26.0917202973305,25.5106549479632,2189.19015112283,263.414575584954,117.62694788381,24.6196908255319,730.493244197542,399.380584718234,630.495786450732,560.032248952498
"108",25.7797765655613,8.29842058081632,88.134527035504,30.4562050066797,30.5981666823612,21.1809007844219,9.41726589793929,25.7358403792864,25.80008503669,26.1270928790234,25.4572396059925,2166.25446591323,230.860371855633,115.757200145826,23.6419573319078,653.815895005468,359.017134524243,637.712358731316,643.044476850164
"109",25.0783411060278,7.77562707692399,79.7046074368961,54.9761007753933,29.7281085740841,19.9459895580374,9.78211901604666,25.0017201380726,25.1097079469894,25.6148845232241,24.3480429736549,3183.33522034611,396.918755692566,168.791606529812,27.9677797088226,1089.46182302249,566.975716387585,814.639094794367,824.620234008267
"110",26.1557576847637,5.69407328235279,67.1948872694092,73.4090918467947,30.4144040031409,21.9395036330821,8.47490037005881,26.4254283967125,26.1232668588803,26.9113924174318,25.2103173967621,2929.1550094518,324.2797731569,163.338374291115,19.761637929299,889.685570258349,590.809073724008,773.804662885948,643.238185255198
"111",26.0887822190255,5.76285100027614,68.1478257266779,69.9277252609076,30.3411975519617,21.8847927114817,8.45640484048002,26.2092704666393,26.305123850398,26.7989763938293,25.1781428734905,3295.41899441341,339.720670391061,188.737430167598,15.8753481535977,955.508379888268,673.72905027933,853,788.40782122905
"112",25.431536971678,8.98696914967644,73.60247380289,80.3142605454412,31.2545601925747,19.0497630326446,12.2047971599301,25.8014868886694,24.8511645874063,26.2321881219022,24.3186312493593,2965.1857564126,342.477130526838,158.227858481453,28.505026456915,963.654415563056,527.639474251139,807.053656683399,599.149457132334
"113",25.8372673180742,7.47702965050917,86.867270494438,32.4051224436941,30.0100377357612,21.4004417663689,8.60959596939231,25.9545624810199,25.8972738474327,26.1399580554998,25.3727049992209,3149.64030131827,314.652354048964,226.664783427495,9.56754779817092,882.772504708098,704.728436911488,809.890018832392,767.159698681733
"114",26.0662142613305,7.68119731525315,81.7273193533898,48.5663888723571,30.5530146495498,21.1509264260361,9.40208822351365,26.0991458267275,26.0955552812801,26.4887548141412,25.3792569197787,3104.68153960894,350.219900126463,185.017007685074,22.4294756205941,999.043613606148,592.244203767956,773.545688900418,789.120253575019
"115",25.324128750835,9.71723429748917,86.6762577193849,33.9787487705809,30.7765266097004,19.577217434266,11.1993091754343,25.5175840399521,24.8954768955552,25.6466021134865,24.8604180446056,2843.83899725248,332.748134219295,136.33422319219,29.2889918380692,936.186237066194,452.074416882636,842.985171184162,457.447475593835
"116",25.8983593033426,9.57129599168495,73.3034476607538,87.2078017863065,32.1521410924352,19.078356131991,13.0737849604442,26.3628546299089,25.0724409597633,26.7894894345303,24.6783809413432,3892.658634685,452.669859958317,220.425719404731,25.6866001144621,1246.00173071532,729.208843711531,1046.47621485246,796.04643679842
"117",21.5300394453632,8.52104431925361,83.3817250805822,52.9156741794029,26.4614112397464,16.2362412659964,10.22516997375,21.9291340975355,21.4727189324579,22.1164454909054,20.8580388646742,3092.50024715769,319.935189762179,196.424397209864,16.8209887085399,928.176800131817,609.696655132641,901.103696380513,718.691052891745
"118",18.4738585793276,10.3218344375283,85.1268502725891,51.1274152866121,24.3610234525213,12.2445565726899,12.1164668798314,18.3955857777608,18.4114636413817,19.0036576238226,17.8246383220192,3468.82929002768,347.971504654869,238.877044368028,12.2330013287953,987.158129245995,756.539744611256,880.017319466577,867.788234924096
"119",18.7618458971783,11.6778882815523,86.3989106219053,53.2597906626195,25.3221790046428,11.8117443860826,13.5104346185601,19.214892862974,18.1562806785819,19.3187591687841,18.0508897758406,2837.18976227358,320.59404735561,153.787705876774,24.5834529268684,896.203790345525,495.543601618563,840.076407549078,532.73904624917
"120",15.4965295501949,11.9488214735154,89.449679746043,44.2109703133365,22.1019563779811,8.74503182230878,13.3569245556723,15.7838203855224,15.1306411036651,15.9744548358241,14.9574527296586,2683.20360374985,317.449636784221,129.91187451808,29.7284541470872,890.417677853983,416.31346130433,775.829410332373,522.205247351974
"121",15.1810997645198,10.8948517559165,87.3748886864454,46.2587509042106,21.3154809653895,8.83998650825362,12.4754944571359,15.0014644862305,15.1200003470822,15.6996864483007,14.6386982876173,3458.10222058281,345.175433419402,244.346469937293,11.4153118636869,980.164219845076,763.565282183696,879.575610475839,870.174739948359
"122",24.5124581426499,9.11552254667583,74.7565414211725,100.477972314365,30.5685465362836,18.3410373378018,12.2275091984818,25.1392717028084,23.709290570349,25.6385098480366,23.1636293097883,1517.74279549552,279.340702864068,8.38787574261815,80.6351685891681,771.775485472763,48.1778736736322,545.103833535306,125.423905654243
"123",24.5975191465186,7.79589784207942,68.9445356321603,97.0028880866974,30.0373414014168,18.7189696798444,11.3183717215724,25.0600906568466,23.88736692298,25.5591680078559,23.2482387049589,1191.51494696239,173.951783992285,5.28640308582449,62.25542628288,485.012536162006,38.8746383799421,368.632272581164,174.147219543555
"124",24.6150655115737,9.0386989439656,74.5302198232962,99.9751948578694,30.641089787183,18.4860098970434,12.1550798901396,25.2300561826563,23.7993758841014,25.7413488314656,23.2738841405083,1508.36255917453,282.059018624033,8.08648694616889,82.0946152351381,775.604501516569,46.6232389375514,536.886583326247,120.720781245571
"125",24.6649113969432,7.7837367844133,68.7714013979436,97.4044738861622,30.1082261382292,18.7792857700052,11.328940368224,25.118287378567,23.9529738762523,25.6309787679431,23.3107306998265,1197.78690009055,175.287654693631,5.61153033504377,62.2594152723768,488.4750980984,39.4111077573196,368.251131904618,177.332629037126
"126",25.6585942281203,9.26742132642979,77.9664400598388,84.9806426925222,31.5459889531914,19.645525466243,11.9004634869484,25.7572359429563,24.7690877775606,26.7041896509956,24.5188381459857,1580.14879219451,283.958375954048,13.8503422771264,79.9673552561896,805.082539932331,63.6231804233221,441.533244157684,72.7420725470139
"127",26.0031542192025,7.62806222247289,79.4464253519178,50.3486677085382,30.633713014472,21.0283628140755,9.60535020039643,26.2584511670753,25.6033599692352,26.419084481611,25.2667760809271,2267.07394292856,291.914392834826,90.5071860029161,33.7292971888689,779.806915225995,310.544678192043,592.715059362633,382.528848156634
"128",24.6367659528062,8.34142130260208,82.7348505556968,44.7762387856377,29.6236797395195,19.5152552925855,10.108424446934,24.65637122909,24.6408203955864,25.09769971452,24.0635267550936,2154.46573385933,274.735863831799,94.3803972557537,32.5713911430708,745.039390670942,322.938476086346,454.80041666051,523.035672246765
"129",25.054781802277,8.20608640535908,80.77098542457,66.8310953930649,30.0919402345205,19.9332046014133,10.1587356331072,25.0683751455332,24.4648703318026,25.8438843872473,24.1928664023499,1550.75344807262,292.919957562183,15.4124720028292,81.8880744113002,809.049628669103,61.0497465519274,386.279205469763,74.0272898738654
"130",24.2187754199906,7.80844791517449,81.6417768724533,62.6977129909709,28.8882784725434,19.3183439502705,9.5699345222729,24.3931271819162,23.4518877744681,24.7990954477756,23.3435511763986,1865.45274094096,343.078131598953,33.0494974237689,70.142880219759,907.44108455106,146.969085226793,516.751414815441,163.267421234902
"131",26.7413953149927,8.52780604458021,66.7228642145848,96.4589877918733,32.8861678893588,20.118926195808,12.7672416935508,27.3864886356882,25.5961394466361,27.7304674493208,25.390404855088,1930.48794929033,292.261033054398,48.8001814470401,57.1797620463749,825.764488904275,184.436571128433,632.997194733261,212.25365579974
"132",22.2991985878197,7.61090504730375,56.6722428840176,216.630584491922,28.5513685954152,15.1221970792747,13.4291715161405,24.8513562845448,20.3745469388202,24.8867239005864,19.6535775490673,1808.72954909159,279.026875647181,66.4143368163419,45.5377607578821,752.300574225737,249.187235244281,750.093429351407,298.880118610562
"133",26.898859743094,6.81464556285313,88.9572152822936,19.5327419657603,30.7034737924891,23.0454426678549,7.6580311246342,26.8845659646462,26.8648745261108,27.0930520845434,26.7173655690528,3497.9088863892,355.902137232846,217.410348706412,14.6196365289055,986.332508436445,718.601799775028,904.001799775028,796.192125984252
"134",24.9188661971581,9.09213604118811,80.3288910681631,58.1285021874291,30.3728788896108,19.0291736413543,11.3437052482564,25.0690265178812,24.6526434554704,25.4760902144607,24.1130993310194,3238.76516244765,362.372844980107,190.903423723911,21.7263698311644,1011.12863964898,619.602190174063,834.047474284378,724.213855820208
"135",25.2830387912301,7.51552582579671,81.6213744012561,47.7325478821945,29.7418027798167,20.5068282605857,9.23497451923109,25.3703094603732,25.1753821836255,25.75681009226,24.6614017075101,3252.93743505023,395.486850169203,188.010649542132,25.3571800192358,1094.00899748639,618.581861138497,874.822421771608,806.938412072442
"136",27.1996644367406,6.92419339992382,92.8977753414908,14.7948080424049,30.8933784343578,23.439057526765,7.45432090759277,27.2677141825358,27.2272118580194,27.3140242776753,27.0169380211536,3430.85185185185,348.777777777778,229.777777777778,11.0793502568172,933.962962962963,797.296296296296,863.296296296296,902.296296296296
